{"polyfill":["/polyfill-ab316bb0c4672ce2b4db.js"],"app":["/app-446aa50d1429b23f30b3.js"],"component---src-pages-404-js":["/component---src-pages-404-js-53fccf04f19dcbc337d4.js"],"component---src-pages-contact-js":["/component---src-pages-contact-js-751f2b893b4416d737d3.js"],"component---src-pages-designer-upgrade-packages-js":["/component---src-pages-designer-upgrade-packages-js-a77fb69af40802f3bab5.js"],"component---src-pages-index-js":["/component---src-pages-index-js-f7757c4372d39d2787b4.js"],"component---src-pages-location-js":["/component---src-pages-location-js-ca73fa8d8fcfb1133962.js"],"component---src-pages-suites-js":["/component---src-pages-suites-js-da64aaa0e6271eb55916.js"]}