{"errors":[],"warnings":[],"namedChunkGroups":{"polyfill":{"chunks":[5,15],"assets":["webpack-runtime-44df90a027e17c4de683.js","webpack-runtime-44df90a027e17c4de683.js.map","polyfill-ab316bb0c4672ce2b4db.js","polyfill-ab316bb0c4672ce2b4db.js.map"],"children":{},"childAssets":{}},"app":{"chunks":[5,14,6],"assets":["webpack-runtime-44df90a027e17c4de683.js","webpack-runtime-44df90a027e17c4de683.js.map","framework-acd7498685eeb36e39da.js","framework-acd7498685eeb36e39da.js.map","app-446aa50d1429b23f30b3.js","app-446aa50d1429b23f30b3.js.map"],"children":{},"childAssets":{}},"component---src-pages-404-js":{"chunks":[2,0,1,3,7],"assets":["styles.2d37b07a5553f6cfe392.css","styles-7d4153d260c0197f0043.js","styles-7d4153d260c0197f0043.js.map","cb1608f2-a6920cc216b0ce797d1b.js","cb1608f2-a6920cc216b0ce797d1b.js.map","commons-d36833f968fad7a06bef.js","commons-d36833f968fad7a06bef.js.map","459fa009a98e6d7be9599fce0925d079e249cd19-ad8cf9a68715b4036ed4.js","459fa009a98e6d7be9599fce0925d079e249cd19-ad8cf9a68715b4036ed4.js.map","component---src-pages-404-js-53fccf04f19dcbc337d4.js","component---src-pages-404-js-53fccf04f19dcbc337d4.js.map"],"children":{},"childAssets":{}},"component---src-pages-contact-js":{"chunks":[2,0,1,3,8],"assets":["styles.2d37b07a5553f6cfe392.css","styles-7d4153d260c0197f0043.js","styles-7d4153d260c0197f0043.js.map","cb1608f2-a6920cc216b0ce797d1b.js","cb1608f2-a6920cc216b0ce797d1b.js.map","commons-d36833f968fad7a06bef.js","commons-d36833f968fad7a06bef.js.map","459fa009a98e6d7be9599fce0925d079e249cd19-ad8cf9a68715b4036ed4.js","459fa009a98e6d7be9599fce0925d079e249cd19-ad8cf9a68715b4036ed4.js.map","component---src-pages-contact-js-751f2b893b4416d737d3.js","component---src-pages-contact-js-751f2b893b4416d737d3.js.map"],"children":{},"childAssets":{}},"component---src-pages-designer-upgrade-packages-js":{"chunks":[2,0,1,3,4,9],"assets":["styles.2d37b07a5553f6cfe392.css","styles-7d4153d260c0197f0043.js","styles-7d4153d260c0197f0043.js.map","cb1608f2-a6920cc216b0ce797d1b.js","cb1608f2-a6920cc216b0ce797d1b.js.map","commons-d36833f968fad7a06bef.js","commons-d36833f968fad7a06bef.js.map","459fa009a98e6d7be9599fce0925d079e249cd19-ad8cf9a68715b4036ed4.js","459fa009a98e6d7be9599fce0925d079e249cd19-ad8cf9a68715b4036ed4.js.map","47e2487e00474b7dc46ee9e718d6ffacb07ea64d-2f78df7958752b24e9ec.js","47e2487e00474b7dc46ee9e718d6ffacb07ea64d-2f78df7958752b24e9ec.js.map","component---src-pages-designer-upgrade-packages-js-a77fb69af40802f3bab5.js","component---src-pages-designer-upgrade-packages-js-a77fb69af40802f3bab5.js.map"],"children":{},"childAssets":{}},"component---src-pages-index-js":{"chunks":[2,0,13,1,3,4,10],"assets":["styles.2d37b07a5553f6cfe392.css","styles-7d4153d260c0197f0043.js","styles-7d4153d260c0197f0043.js.map","cb1608f2-a6920cc216b0ce797d1b.js","cb1608f2-a6920cc216b0ce797d1b.js.map","ddc9e94f-1a546527f438ffcccc42.js","ddc9e94f-1a546527f438ffcccc42.js.map","commons-d36833f968fad7a06bef.js","commons-d36833f968fad7a06bef.js.map","459fa009a98e6d7be9599fce0925d079e249cd19-ad8cf9a68715b4036ed4.js","459fa009a98e6d7be9599fce0925d079e249cd19-ad8cf9a68715b4036ed4.js.map","47e2487e00474b7dc46ee9e718d6ffacb07ea64d-2f78df7958752b24e9ec.js","47e2487e00474b7dc46ee9e718d6ffacb07ea64d-2f78df7958752b24e9ec.js.map","component---src-pages-index-js-f7757c4372d39d2787b4.js","component---src-pages-index-js-f7757c4372d39d2787b4.js.map"],"children":{},"childAssets":{}},"component---src-pages-location-js":{"chunks":[2,0,1,11],"assets":["styles.2d37b07a5553f6cfe392.css","styles-7d4153d260c0197f0043.js","styles-7d4153d260c0197f0043.js.map","cb1608f2-a6920cc216b0ce797d1b.js","cb1608f2-a6920cc216b0ce797d1b.js.map","commons-d36833f968fad7a06bef.js","commons-d36833f968fad7a06bef.js.map","component---src-pages-location-js-ca73fa8d8fcfb1133962.js","component---src-pages-location-js-ca73fa8d8fcfb1133962.js.map"],"children":{},"childAssets":{}},"component---src-pages-suites-js":{"chunks":[2,0,1,3,4,12],"assets":["styles.2d37b07a5553f6cfe392.css","styles-7d4153d260c0197f0043.js","styles-7d4153d260c0197f0043.js.map","cb1608f2-a6920cc216b0ce797d1b.js","cb1608f2-a6920cc216b0ce797d1b.js.map","commons-d36833f968fad7a06bef.js","commons-d36833f968fad7a06bef.js.map","459fa009a98e6d7be9599fce0925d079e249cd19-ad8cf9a68715b4036ed4.js","459fa009a98e6d7be9599fce0925d079e249cd19-ad8cf9a68715b4036ed4.js.map","47e2487e00474b7dc46ee9e718d6ffacb07ea64d-2f78df7958752b24e9ec.js","47e2487e00474b7dc46ee9e718d6ffacb07ea64d-2f78df7958752b24e9ec.js.map","component---src-pages-suites-js-da64aaa0e6271eb55916.js","component---src-pages-suites-js-da64aaa0e6271eb55916.js.map"],"children":{},"childAssets":{}}},"assetsByChunkName":{"polyfill":["webpack-runtime-44df90a027e17c4de683.js","polyfill-ab316bb0c4672ce2b4db.js"],"app":["webpack-runtime-44df90a027e17c4de683.js","framework-acd7498685eeb36e39da.js","app-446aa50d1429b23f30b3.js"],"component---src-pages-404-js":["styles.2d37b07a5553f6cfe392.css","styles-7d4153d260c0197f0043.js","cb1608f2-a6920cc216b0ce797d1b.js","commons-d36833f968fad7a06bef.js","459fa009a98e6d7be9599fce0925d079e249cd19-ad8cf9a68715b4036ed4.js","component---src-pages-404-js-53fccf04f19dcbc337d4.js"],"component---src-pages-contact-js":["styles.2d37b07a5553f6cfe392.css","styles-7d4153d260c0197f0043.js","cb1608f2-a6920cc216b0ce797d1b.js","commons-d36833f968fad7a06bef.js","459fa009a98e6d7be9599fce0925d079e249cd19-ad8cf9a68715b4036ed4.js","component---src-pages-contact-js-751f2b893b4416d737d3.js"],"component---src-pages-designer-upgrade-packages-js":["styles.2d37b07a5553f6cfe392.css","styles-7d4153d260c0197f0043.js","cb1608f2-a6920cc216b0ce797d1b.js","commons-d36833f968fad7a06bef.js","459fa009a98e6d7be9599fce0925d079e249cd19-ad8cf9a68715b4036ed4.js","47e2487e00474b7dc46ee9e718d6ffacb07ea64d-2f78df7958752b24e9ec.js","component---src-pages-designer-upgrade-packages-js-a77fb69af40802f3bab5.js"],"component---src-pages-index-js":["styles.2d37b07a5553f6cfe392.css","styles-7d4153d260c0197f0043.js","cb1608f2-a6920cc216b0ce797d1b.js","ddc9e94f-1a546527f438ffcccc42.js","commons-d36833f968fad7a06bef.js","459fa009a98e6d7be9599fce0925d079e249cd19-ad8cf9a68715b4036ed4.js","47e2487e00474b7dc46ee9e718d6ffacb07ea64d-2f78df7958752b24e9ec.js","component---src-pages-index-js-f7757c4372d39d2787b4.js"],"component---src-pages-location-js":["styles.2d37b07a5553f6cfe392.css","styles-7d4153d260c0197f0043.js","cb1608f2-a6920cc216b0ce797d1b.js","commons-d36833f968fad7a06bef.js","component---src-pages-location-js-ca73fa8d8fcfb1133962.js"],"component---src-pages-suites-js":["styles.2d37b07a5553f6cfe392.css","styles-7d4153d260c0197f0043.js","cb1608f2-a6920cc216b0ce797d1b.js","commons-d36833f968fad7a06bef.js","459fa009a98e6d7be9599fce0925d079e249cd19-ad8cf9a68715b4036ed4.js","47e2487e00474b7dc46ee9e718d6ffacb07ea64d-2f78df7958752b24e9ec.js","component---src-pages-suites-js-da64aaa0e6271eb55916.js"]}}